{"cameraMode":{"drawMode":0,"name":"Shaded","section":"Shading Mode"},"sceneLighting":true,"audioPlay":false,"sceneViewState":{"m_AlwaysRefresh":false,"showFog":true,"showSkybox":true,"showFlares":true,"showImageEffects":true,"showParticleSystems":true,"showVisualEffectGraphs":true,"m_FxEnabled":true},"in2DMode":false,"pivot":{"x":87.55709838867188,"y":-24.805227279663087,"z":111.98918151855469},"rotation":{"x":0.09935382753610611,"y":0.3166075646877289,"z":-0.033366430550813678,"w":0.9427466988563538},"size":87.14092254638672,"orthographic":false}